x1,x2,y
-0.321883004,-0.399494784,0
-1.188954268,-4.457593201,0
2.852157548,1.69628366,1
2.788976201,4.119232634,1
0.507562869,-1.118628818,0
2.243087986,3.65103466,1
1.391907312,1.032387298,0
-0.416070241,-1.204944644,0
0.351874979,3.599879326,1
-0.552137001,0.836973545,0
-0.448420737,-0.033220115,0
1.423354105,2.896592606,1
1.412422203,3.179620736,1
-0.975899796,-1.677910151,0
1.494908063,2.602134428,0
2.0350834,1.066218555,0
2.92996758,-1.151361202,0
2.61568723,3.082947467,1
1.78959035,-0.04606082,0
1.645745006,2.10114012,1
0.876814203,6.833888683,1
2.6058946,2.825758768,1
2.907260215,0.403914267,1
2.001499217,4.411635409,1
1.123087399,0.960444497,0
2.793402559,3.126789252,1
2.279464982,2.57642787,1
-0.641145787,6.488657103,1
1.774615357,2.588133088,1
-2.620462474,-1.150302469,0
-4.07623886,-0.09097212,0
2.03034901,2.866485633,1
-0.115490546,-0.004475863,0
1.385647526,3.357061649,1
3.21636726,2.848171587,1
0.647966948,0.339647753,0
1.499609893,-2.188600028,0
1.132806827,3.677350789,1
2.030963575,-0.121801373,0
0.757736989,5.588669302,1
1.902252295,3.019483794,1
1.265131062,1.575177699,0
-0.564712348,-1.287235606,0
0.467766012,1.789675439,0
-1.636870175,-1.59723688,0
1.705793911,2.266770943,1
0.075258814,-0.874201069,0
0.568880957,-2.268845287,0
0.355377131,-1.957407757,0
-0.972342188,0.473875618,0
0.442082782,5.124074719,1
-0.240243299,2.387047384,0
1.269837668,1.197135798,1
-1.645290108,0.253178401,0
1.478269386,4.914046065,1
3.316458207,2.305161569,1
2.901815282,1.211047797,1
2.204132046,3.286765009,1
-1.160587216,0.682944211,0
2.176938356,3.437817484,1
-1.438868987,-1.354901922,0
-2.077349762,0.594345062,0
-1.36612102,0.020276926,0
1.362075406,3.342386748,1
-0.396379939,-1.688061592,0
2.475273557,0.790936137,1
2.458163339,0.500278199,1
2.075600411,-0.109288552,0
-0.012329245,1.726315657,0
3.05809227,2.748926302,1
-0.301005617,1.620043891,0
-0.909861393,-0.80718293,0
0.210640646,2.054976606,0
0.70675412,1.266724715,0
1.977945266,4.354012269,1
0.702628399,3.720177882,1
1.340492448,4.116290842,1
0.417670927,-0.367096454,0
1.120118605,4.897061855,1
1.238053981,3.46438741,1
-0.310782652,0.444941619,0
1.682982528,1.679607131,1
0.568512452,1.668585472,0
2.836829948,2.706822787,1
2.437823623,0.932105695,1
1.946279952,2.379888193,1
0.478031638,4.717289355,1
2.288185578,2.281858485,1
1.104725771,5.009868178,1
1.365751407,2.405495146,1
0.356558324,0.868722405,0
-0.704436951,-0.678720662,0
1.966872062,3.171308454,1
0.799624437,3.030734255,1
-0.809885395,-1.07910816,0
0.776897016,-0.786556991,0
2.195969622,2.945886475,1
2.252124809,3.469132476,1
0.433306056,1.790114307,0
-1.882735223,-0.618945331,0
-0.49422635,-0.922769914,0
0.672781779,0.845756197,0
1.845156162,3.288891252,1
-0.102670017,1.544699003,0
0.982282132,-2.116953108,0
1.977858957,-1.332017845,0
0.292587314,1.149802176,0
2.729731861,2.6920621,1
0.702367089,5.35420364,1
1.588539699,-0.075098677,0
2.486282563,-0.10107328,1
-0.096625752,0.846687188,0
4.019314773,0.018684674,1
2.918074909,1.723345271,1
0.982565982,3.196529206,1
-0.818571099,-2.363767426,0
1.086816666,1.471563088,0
2.5322341,-1.468687101,0
0.879510257,3.675463195,1
0.878297433,-2.255605863,0
2.903763068,-0.160268622,0
1.30367187,-1.187193836,0
1.561500856,2.144397558,1
1.121798898,6.457435635,1
-1.065559489,-0.611240618,0
-0.172209111,-0.332439918,0
4.531795615,-0.190396108,1
3.381961839,1.918848486,1
1.787156887,4.890531687,1
-0.017164811,-0.818928289,0
-1.327568107,0.282551314,0
2.723284089,1.897736089,1
3.44702552,3.857490317,1
0.310366686,2.546750852,0
-0.16073177,1.305107593,0
4.265195434,0.266591837,1
0.120615543,0.432631041,0
1.831614105,0.844418091,0
1.885766511,2.913793313,1
1.557162155,3.273357276,0
1.708014853,2.224286802,1
-0.599903311,-2.018940995,0
2.006498037,2.824808172,1
0.647946415,1.900818178,0
-0.532697862,3.928732044,0
1.097658493,-0.024822061,0
1.384500994,3.577599524,1
0.254106039,0.431115668,0
1.467058103,1.327906004,0
0.928249393,1.628277051,1
2.124333692,4.807645146,1
-0.348540159,-1.752586967,0
0.347979473,2.578512523,0
-2.203227659,-0.19821326,0
-0.385794735,-0.938007498,0
-0.337852638,0.240250623,0
0.435830582,-2.384890452,0
-1.23359243,1.8887391,0
-1.241963908,2.214428014,0
1.363022539,1.164179269,1
3.099957153,2.935165079,1
1.800675181,3.466607437,1
1.183456262,0.979015134,0
1.158050114,-1.279188331,0
-0.8927046,-0.245023406,0
2.154514545,3.689145685,1
0.992609954,-1.265654842,0
1.333836175,3.003946314,1
1.637014371,3.891415631,1
3.023491081,4.693356104,1
-1.295882453,-1.208125469,0
1.220481208,5.300075486,1
3.1753951,2.597515481,1
-1.242181244,0.974648143,0
-0.900822164,-2.864378609,0
2.023823638,2.055643753,1
1.658467495,2.229376497,1
0.531091896,5.761763147,1
2.929455131,4.260722578,1
1.746973897,0.847971121,0
0.529615606,0.970832702,0
2.711301453,2.192635255,0
0.482635641,-0.052972298,0
1.682759278,2.456333935,1
2.891694304,3.553399625,1
1.601872828,1.953851991,1
2.939416308,4.268434748,1
2.680584963,2.679503536,1
2.710302937,3.778042212,1
1.031130063,0.817452811,0
-1.304573057,-2.746115472,0
3.049565032,3.683633406,1
-1.338483289,0.302365355,0
-0.717084836,0.058037876,0
2.47450897,4.348266064,1
-0.66797656,-1.202235139,0
2.206890474,3.809493111,1
1.792502762,1.069908289,1
0.122942497,-1.846503062,0
-0.874854117,-4.141727929,0
2.009987019,1.269765765,0
2.65712619,6.151820334,1
1.111527346,0.011589086,0
0.979858677,1.641924288,0
0.765487067,-2.294850981,0
-1.241625154,-2.802644423,0
0.475421172,1.200385585,1
2.983990668,1.039592918,1
0.340286495,-0.649692188,0
2.326987126,-0.310349807,1
2.775828768,2.719403889,1
-0.017345683,1.145334529,0
1.40585918,3.946845149,1
4.619102538,1.206882581,0
2.444083312,1.75678989,1
2.652225084,2.174762366,1
2.681728867,0.688742046,1
0.470749658,4.304996758,1
-0.059544302,-1.674405964,0
-0.833662911,-0.797133746,0
1.764107803,3.151833987,1
2.576824194,2.8996664,1
0.009189611,-0.170368132,0
-2.156080056,-4.185582194,0
2.023633855,3.366579486,1
-0.975355829,-2.180880876,0
-0.379535307,-2.260418626,0
-0.48901676,0.037772951,0
0.943327343,0.331907301,0
3.704359139,2.474265354,1
3.799752786,1.110170044,1
0.782269751,-0.884470743,0
-0.127890602,-0.131371745,0
4.426465311,0.812186298,1
2.219929637,5.677364465,1
1.540463208,4.187109922,1
-1.312016973,2.59933957,0
3.101079919,4.543052197,1
1.731628011,1.202860097,1
0.119650793,-1.880772427,0
0.18651358,1.938690914,1
1.501887855,3.081261294,1
-1.289506622,-1.840046048,0
0.681339083,2.237336509,1
-1.370799422,-2.063889536,0
-0.964708881,0.054690853,0
-0.118130657,0.870582036,0
2.919386059,0.780010529,1
-1.479523753,-0.436667245,0
-1.150409508,-0.879574857,0
0.908552248,0.243612386,0
-1.359371312,-0.678878568,0
2.237586183,0.675796072,1
-2.536674208,0.729319733,0
0.014576942,-0.243030442,0
1.952073458,-0.719678131,0
-0.053713535,-0.065879347,0
-1.756825199,0.763069939,0
2.368530218,6.836101385,1
1.058536362,6.554246085,1
0.383682742,3.390194303,1
-0.758330165,-0.924161012,0
3.083982537,1.817648128,1
2.837862654,1.877044993,1
2.93403477,2.906881905,1
4.902031782,2.623763742,0
-1.477853199,1.04597679,0
-2.272408482,-2.126056201,0
-1.081038195,-3.202836565,0
3.439021272,1.89607725,1
0.258270914,1.38329451,0
4.018291577,0.351750135,1
-1.953644683,-2.358919787,0
-0.111652113,-2.663073445,0
0.618743491,1.719810822,0
-0.513339199,0.361927782,0
1.988300583,2.968268401,1
1.897287891,6.075955461,1
1.67276086,2.306062895,1
1.20828951,3.460669146,1
2.254294311,1.463082681,1
1.755138213,2.655654444,0
1.856732453,2.197575656,1
1.504652851,2.430353735,1
-0.43807759,0.290901725,0
1.641008375,1.032844538,1
-2.030557033,0.458174413,0
1.634727317,1.140604767,1
0.221315821,2.581699216,1
-2.991602551,-0.410618769,0
2.017088634,5.601281504,1
1.837633126,1.055387576,1
2.373512408,2.672126994,1
-0.872056049,-1.611456826,0
2.29261414,4.368669787,1
1.235590561,1.024828887,1
0.22708635,6.31311775,1
0.181568134,0.732392872,0
1.749950869,-2.237129705,0
-1.421946475,-3.408189085,0
-0.586767501,-0.358200019,0
3.163838518,0.403688515,1
0.145315628,1.791987071,1
2.161637129,2.232302813,1
0.143651064,0.853419214,0
3.447216675,4.17163554,1
0.032085077,-0.35871767,0
0.206300466,6.375876266,1
0.160353975,-1.711960528,0
0.002120213,1.455197294,0
1.149758454,4.10510949,1
1.072920009,4.799361267,1
2.338579198,3.216840952,1
3.248586665,3.931069761,1
0.423752891,0.516874165,0
1.841526709,2.435060686,1
-1.642045529,-0.802687738,0
2.155965048,2.765044627,0
-1.180785302,-2.802101168,0
1.402141145,4.632897305,1
-0.812726996,1.076359365,0
-1.328173467,-0.900340596,0
1.952525912,4.356456659,1
-0.746532086,0.657661409,0
-0.466395116,-2.547167465,0
2.122508938,1.50365086,0
0.649157304,-1.988039279,0
0.220393234,0.096334914,0
0.042919981,-0.090968518,0
5.012486573,1.679387726,1
1.542219979,1.486619231,0
1.011720007,3.139249915,1
4.260299368,3.251373201,0
2.233352681,3.790009512,1
0.938417219,2.281563328,0
3.260784057,-0.615907256,1
2.488184813,0.950336725,1
-2.825495578,-2.728907732,0
1.421182825,1.564085746,1
3.237402126,-1.013632549,1
2.663291081,2.580562254,1
1.416381248,0.423933938,1
-0.402167173,-3.243580363,0
0.812391422,5.249739373,1
0.034386532,1.488945833,0
-0.700526657,-1.344424857,0
-0.283109979,-0.635604797,0
3.692478145,2.208660344,1
0.752146317,-2.788568446,0
2.891646401,2.471882975,1
1.53739555,3.331307362,0
-1.588424588,2.226938637,0
2.72911906,2.7100179,1
1.338840757,-0.882097187,0
1.088181123,2.568112713,1
0.433806296,-0.324261256,0
4.071799944,-1.199471916,1
0.949207474,-0.08707496,0
3.087102819,4.620140569,1
2.127099761,3.330598301,1
-0.761064645,-2.412116877,0
1.727201927,2.494291971,1
0.504151762,1.149383492,0
0.033423319,0.413467433,0
0.066973396,6.390071883,1
2.066094615,1.175176321,1
2.25128958,0.724515957,1
-0.713902918,-0.544174358,0
-0.012385582,-0.908726534,0
-2.193914012,-0.121623546,0
2.642443455,2.28136506,1
3.822000055,3.066547546,1
-0.229621435,-2.249962149,0
1.662259691,1.38468422,0
-1.735188908,-0.274351835,0
-0.49116947,-0.396541329,0
1.118655934,4.538572633,1
1.404466006,-2.78064147,0
-0.031190104,1.359840441,0
0.602416817,0.061266195,0
-0.218982256,0.060349089,0
1.803288662,6.274021587,1
1.738024238,3.721055077,1
1.729225846,2.21989269,1
2.588137914,3.369184241,1
2.667033161,2.330586653,1
-0.16155055,-0.26356047,0
1.74071305,3.265190954,1
0.044831642,-0.899382919,0
1.962018795,2.992470757,1
2.179680104,3.15168216,1
1.853577567,2.502878319,1
-1.723330094,-0.188547604,0
2.295337945,2.204156138,1
1.486525043,3.594986642,1
-0.79686042,-0.051701875,0
2.101576642,3.678132469,1
2.006509278,2.158187827,1
-3.352438645,-0.129770762,0
2.535922465,0.487271022,1
1.670208851,1.015587569,1
1.940151817,5.377776843,1
0.025297709,1.614693206,0
0.915234773,0.650284995,0
0.404694042,0.227605395,0
1.56812171,3.230987344,1
2.070497786,2.935132691,1
-0.294684572,-0.664115896,0
-0.133849634,0.778956793,0
1.918448897,3.527904765,1
-2.583621342,-2.454533301,0
2.55421661,2.490630499,1
0.85686436,0.747982949,0
-0.970388895,1.270911905,0
0.162843207,-1.919205771,0
4.162384156,-2.014478178,1
1.357408943,4.010835332,1
1.240332884,4.891248526,1
1.367236063,1.317878816,1
-1.597753514,-2.751212159,0
0.292052398,-0.091082833,0
4.200255222,2.055480175,0
2.819808282,3.577547011,1
1.988233704,-1.322394908,1
-3.20176992,-0.637420859,0
1.130471273,4.055780739,1
0.676523965,1.362234512,0
-0.37355622,-0.22797302,0
-0.26700808,3.064917165,0
0.443109776,0.974717462,0
2.475728558,3.114314766,1
1.955965429,1.6154036,1
3.614526335,3.661093776,1
3.95237346,5.204282538,1
2.161435878,-0.384301492,1
3.257698766,0.773029674,1
0.953818721,4.131430744,1
-2.330800757,-1.90502902,0
1.320924639,1.333694095,0
0.838898472,3.946695472,1
4.121188418,1.025924892,1
-1.631608658,-5.230088869,0
1.262600363,3.223383969,0
0.668705157,4.378300274,1
-0.457843652,-0.896424714,0
1.246869491,-1.018284887,0
2.857992472,3.270169966,1
0.154841727,-1.687731957,0
2.551920286,-0.769181348,0
1.159282374,-0.080816428,1
1.759318611,-0.537168964,0
2.740771539,1.984308218,1
1.366808613,8.229340688,1
1.076029992,-1.37267926,0
1.776098698,1.962116786,0
-2.228782643,-0.159926719,0
1.177086608,1.94946219,1
2.927071973,3.7788213,1
-0.610768135,-0.423247063,0
3.421275451,2.120231468,1
3.087705855,1.920720312,1
3.305034208,0.167556418,1
3.03684,1.042103074,1
1.447434968,3.309305893,0
1.066551514,1.066982233,0
3.779431137,2.302305376,1
1.538248372,0.553895974,0
0.288877839,-2.470971249,0
0.994532005,1.183768584,1
2.190059722,4.300597497,1
-0.505015745,-1.786994903,0
-0.529672527,-0.471650079,0
1.560373572,-0.51745565,0
-0.456390199,-0.963855016,0
0.238088225,-1.108189967,0
2.987381993,1.201151627,1
2.205656538,3.889999689,1
0.528805118,-1.74628076,0
1.802781544,1.176393134,1
1.943855929,3.858144018,1
0.175834393,2.050781261,0
3.18859467,2.723389699,1
3.859280301,1.825930611,1
0.762583892,-3.138768426,0
0.187185206,-0.228384332,0
-1.246408731,0.234659237,0
-2.010155614,2.377557384,0
0.869829033,-2.397311937,0
4.192000724,2.59224195,1
-1.175882192,2.363105265,0
3.167342865,2.731961275,1
-0.987928529,-0.125176405,0
-2.510097244,0.31283835,0
2.487203938,1.768788966,1
0.39025475,0.643746588,0
0.410182489,-0.415897026,0
1.749700413,4.474315118,1
-0.010700047,0.153319534,0
-1.821374742,-0.84674184,0
3.007706741,0.910292439,1
0.794244759,6.169059892,1
1.724967942,3.924506253,1
1.061267589,4.670442177,1
0.562489905,-0.179352106,0
3.090514206,2.822774999,1
2.615062008,-0.243831267,1
0.033691711,-0.935501357,0
2.647732726,3.061579118,1
-0.670527771,-0.511048356,0
1.010280723,-0.193192026,0
2.017888182,4.542230338,1
-2.539156241,-0.527220436,0
0.362655104,3.566276262,0
2.40199901,4.023410414,1
0.456243505,0.258460919,0
2.764561551,3.629544537,1
2.58674119,2.8407048,0
0.283042758,5.953590456,1
-0.8688256,-0.572762736,0
1.179340909,4.883884873,1
2.418912708,1.337975997,1
2.701881229,0.726580804,1
-1.609823048,0.794474432,0
1.391572948,-0.51172549,0
1.031996695,0.799909986,0
2.375783689,-0.929279891,1
0.601014482,-0.841141044,0
3.778446713,2.844988488,1
-0.512943496,-0.848825837,0
0.384255633,1.140237828,0
2.467634318,2.736548183,1
0.269316492,4.271659079,1
2.09866033,3.551852585,1
-0.052396032,2.164771368,0
2.967953522,5.161829568,1
-1.455226824,-1.714374402,0
0.619176105,-1.458260213,0
0.938189125,3.778068208,1
-3.016150813,-3.05769306,0
0.521180433,4.512278064,0
1.49294445,3.810392447,1
2.288729134,0.52475001,0
-2.522787352,1.616504161,0
0.719598402,5.022486204,1
2.237920448,2.709207167,1
0.530551324,1.906140725,1
-0.893868361,2.599509229,0
-2.046818212,-3.993525668,0
1.513850008,6.898982438,1
0.661334794,0.444557909,0
1.078761718,2.340572399,1
-1.091035931,-1.189048886,0
2.990247153,0.6568833,1
1.320302249,-0.155567326,0
-0.649883163,0.518495363,0
1.446007067,2.65843606,1
3.243680286,2.046062874,1
-0.025255678,-0.943078356,0
3.491481735,3.402150461,1
0.277142897,0.244234817,0
3.777337674,2.248236342,1
-0.027476375,5.276833408,1
-1.697587401,-1.805534567,0
2.855742339,0.022078402,0
0.89456103,-1.510233993,0
3.166302425,2.95856966,1
0.48381509,-1.286197918,0
1.422842452,2.657745411,1
2.694578356,-0.089678179,1
2.894582753,3.200172598,1
1.533287751,2.339512569,1
0.92565259,-0.912001573,0
2.692864715,3.564982631,1
-2.074722952,-0.642844976,0
2.435357963,4.302805951,1
2.33088512,1.25503108,1
2.299638543,3.056623921,1
1.30196473,4.069553112,1
-0.256630924,-0.329950214,0
-0.562200382,0.875215844,0
1.077358763,4.68869084,1
-1.229699319,-0.244163154,0
1.427324545,2.803123477,1
1.771067757,3.714289155,1
1.436534593,3.787652405,1
3.12207787,1.623118531,1
0.580022076,0.569915464,0
-0.366687121,-0.123893586,0
0.356084927,2.474944453,1
2.459023532,0.3858494,1
-1.860724976,1.759684028,0
-1.117133607,-0.755383074,0
2.417302388,2.791637629,1
2.768495434,3.286995679,1
2.010653161,2.703417126,1
2.330760519,4.246994261,1
1.266406782,0.597201659,1
1.287993041,-3.093459677,0
-1.077611444,0.009546372,0
0.511721788,0.929765343,0
3.523471845,4.318924489,1
1.650529196,2.623110836,1
0.179746206,0.534788307,0
0.906634177,0.079642968,0
3.618375891,1.103283875,1
0.737343611,-0.225970199,0
1.798756978,4.868420534,1
-1.358107598,-0.716882008,0
1.379901366,3.436324639,1
1.629117025,2.214938162,0
1.528327512,5.297899181,1
1.537460637,4.446458357,1
2.962495619,1.773244196,1
1.097187566,0.898602105,0
2.993107437,-1.178435029,1
-0.840242005,0.065196136,0
1.954389175,1.002326373,0
-0.502202669,0.608191097,0
-1.461071227,2.926422883,0
2.117915391,2.486950772,1
1.916469011,3.970067032,1
2.010307454,2.748545026,1
-1.39763897,-1.369235647,0
3.506130433,1.342201325,1
-1.382699381,-1.257224092,0
2.845144753,3.033349983,1
1.957069029,2.794864149,1
0.426292872,0.176860182,0
2.771453338,2.200229826,1
3.977903997,2.768726222,1
3.22811277,2.233101091,1
1.056272072,4.440147654,1
-0.949713315,-2.594661976,0
0.193553404,-1.024414202,0
2.425973016,2.426094543,1
0.913625737,4.751005098,1
2.341274935,2.441048767,1
0.947378067,-2.061404491,0
1.948693343,2.160182886,0
0.96411021,-1.335442833,0
0.79840526,3.049207754,0
3.159115906,3.484709883,1
2.668209123,4.387367526,1
-2.420342483,-1.053168349,0
2.858575089,2.31868927,1
2.945576199,2.892022659,1
1.344914727,2.626885531,1
-1.864868154,-2.803161269,0
1.210067251,3.440720175,1
3.437044493,3.583581692,1
2.150897461,4.347732093,1
-2.493583031,-0.370467352,0
2.621011308,4.427223881,1
1.653790091,4.093096256,1
1.758542142,2.063009227,1
-0.445816091,1.882387351,0
2.123568318,2.767613713,1
2.682574714,0.429222419,1
1.084210807,-0.567379884,0
0.887400947,1.61172897,1
3.12827902,3.528518476,1
0.209692575,0.978102861,0
3.24402612,0.628193541,1
-0.278191842,3.068667918,0
-2.733712439,0.530691131,0
1.885120671,2.029881661,1
1.96295041,5.158378129,1
0.786455166,4.18148868,1
-1.849087932,-2.527004661,0
1.12180324,0.651671465,0
2.369486892,0.658507004,1
1.356630839,3.172448248,1
2.101129606,1.273675899,1
1.293124471,4.844640624,1
1.533863805,2.209470857,1
1.168525728,6.5324061,1
0.046585405,0.363698026,0
-0.341472977,-1.333932233,0
3.39195366,1.748443673,1
2.671191041,1.917322042,1
2.959722207,4.528254105,1
0.870217656,2.006943389,1
0.923228446,-0.804109004,0
2.132359928,2.581280355,1
-1.874735655,0.309177552,0
-1.835130061,0.43700669,0
-0.075971621,-0.720458175,0
0.278885153,5.511517152,1
3.177806454,3.098403251,1
-0.660030792,-1.394096111,0
1.676159789,5.815393148,1
1.580097603,5.053356968,1
2.351223975,1.622266888,1
3.341111306,3.205583974,1
3.338010648,1.231102873,0
1.87822126,3.753591682,1
-3.122851115,0.197547931,0
0.519257389,1.473982163,0
2.032287811,2.800029566,0
1.515895517,5.622446245,1
1.111984689,3.641661189,1
2.458167304,4.165523407,1
0.216119956,7.223259858,1
-0.499394638,2.218039583,0
-0.263993222,5.747293046,1
-0.24523028,0.555160743,0
-0.067727155,2.105660615,0
0.652103321,2.155901145,1
-1.189691418,-4.100418331,0
3.24490301,1.295775949,1
0.270968583,4.508727469,1
0.099698925,0.0411328,0
-0.079399707,0.797302604,0
-1.834760514,-1.244387773,0
1.05354939,4.701170569,1
0.29646548,6.686415284,1
1.706135973,0.243935178,0
2.75911144,3.914915327,1
1.910739028,1.843709227,0
0.102335233,5.798121698,1
0.888576627,0.677648871,1
1.069368061,0.879220738,0
1.91019726,4.491217405,1
2.892793278,4.804225235,1
1.830122334,5.571859103,1
-2.125640476,-1.920789889,0
3.332716574,3.390311932,1
1.124676567,1.457465414,0
2.349994108,1.968630848,1
-0.896962962,-1.582597946,0
0.420717756,-2.986850868,0
3.68427984,-0.210303105,1
1.637294176,2.714635426,1
-0.670489851,-1.581050351,0
2.245180508,3.222633291,1
2.946703378,0.735188068,1
2.358643412,4.403596191,1
2.30817876,0.224579719,1
2.194989572,3.162853743,1
4.113018474,0.923470546,1
2.280007472,3.890663094,1
0.460823343,0.982728006,0
2.002671527,3.953892844,1
-1.244340203,0.605867037,0
0.079176079,1.04813209,0
2.083577687,1.349412069,1
1.524587097,-1.602839345,0
2.23552673,2.636697178,1
1.684760419,5.297689565,1
-0.861399759,6.982997628,1
2.317575756,1.473503242,1
2.29004282,2.164615636,1
3.80448014,-0.430636681,1
2.128388059,3.520674502,1
1.898545649,5.746870453,1
2.129990086,0.598860932,0
-0.094676652,0.461922412,0
2.224104267,4.354769862,1
2.086933473,1.076671822,1
-0.4829999,-1.315865052,0
1.525865266,3.208516189,1
-0.687519912,3.268914642,0
2.194282532,0.235385266,0
3.295146754,1.894521323,1
-0.908760987,0.056904205,0
0.707735582,1.992088311,1
-0.667045629,1.643183509,0
0.234941427,0.78438657,0
-1.906213764,-2.931722442,0
1.059865077,2.186201518,1
2.163244913,2.449218674,1
2.031700758,2.07902285,1
3.306724563,0.919550469,1
0.938035242,0.583463386,0
-1.133547528,-1.080797951,0
0.966866627,7.379595228,1
2.828116552,1.702989385,1
1.328451274,1.477643289,1
1.019457707,1.248221539,1
1.383363254,2.351266741,1
2.166402779,3.837666002,1
-1.828595342,-3.609782203,0
-1.496100447,-0.7066228,0
2.238445636,4.399985502,1
0.580100794,3.180320423,1
0.3467376,0.604388923,0
3.436108117,0.746133027,1
0.556481626,4.096457268,1
0.337213052,1.80585183,0
0.304935343,4.951529086,1
1.353316916,0.508286285,0
0.448668525,5.188695877,1
-0.155043571,-1.463652932,0
0.349015657,3.675086678,1
2.499750631,3.487604993,1
-2.041443262,-1.080785067,0
-0.054411174,5.074355811,1
2.659232042,3.839281663,1
0.967035853,4.473130623,1
1.038779327,3.769760702,1
1.66359924,2.572424103,1
-1.915960902,-2.582103198,0
-0.207072591,-0.735753011,0
1.207334797,-1.935118956,0
1.361174359,0.2104751,0
0.462429628,-2.906671867,0
1.527669245,2.534278887,1
2.039091319,0.766306227,0
1.563584783,3.254610898,1
0.712093569,4.092454407,1
2.171786703,-0.299959043,0
3.566683454,3.627027099,1
3.38032438,0.248189663,1
-2.215544089,1.543155752,0
2.895611521,1.590048302,0
4.465439585,1.949450437,1
-0.303528025,-1.227236138,0
-0.65412944,0.7808301,0
0.311162979,-0.938848215,0
1.818009383,3.274196175,1
-0.172221145,0.589240364,0
0.353844537,1.910922949,0
0.034986511,-1.799473539,0
0.842633847,-0.685387781,0
-2.021061014,-2.239913593,0
-1.584611791,-1.019693057,0
1.648910558,4.853226749,1
1.990657824,3.822529723,0
1.558582621,3.797667701,1
1.65796269,2.378292578,1
-0.816224031,-1.235595981,0
-0.783464319,-1.199431844,0
-0.448646131,-1.045094385,0
2.322612876,2.77138713,1
0.311027476,3.092234702,0
1.908139329,1.073478861,1
1.311077758,2.220466999,0
-0.815500445,-0.988983314,0
2.109489635,1.197391771,1
2.807024415,2.295730603,1
1.623325729,7.37726593,1
0.815752598,0.779559101,0
2.410137543,2.943844161,1
0.783780646,0.323964796,0
0.913632385,3.441322729,1
2.800115124,0.936494297,1
2.776161764,1.821712915,1
2.084605887,1.046836996,1
-0.145256857,3.008676816,0
2.197342221,3.888047342,1
2.148945429,4.775123119,1
0.046685897,-2.64267453,0
0.944990404,2.450615315,0
1.60068807,2.34311208,1
-0.370532099,6.39894988,1
2.760868104,0.534881427,1
-0.475742517,-0.954934788,0
-0.165139332,-3.965352648,0
0.893573178,4.900838331,1
0.139526776,0.718984303,0
-0.091921653,3.155378896,0
0.494966415,-0.525856105,0
2.778268522,0.579290186,0
2.759482399,1.673956449,0
2.627122095,2.451340996,1
2.438645438,1.18777813,1
2.525632604,-0.05641237,1
2.502433333,-0.406079967,1
0.994782732,2.70480609,0
1.649400707,1.74237707,0
-0.633879796,-0.343688767,0
5.466259914,0.394833297,1
1.122038434,1.582508797,1
-2.285817787,-2.072162331,0
0.024166978,2.703480666,0
1.76052773,4.872938235,1
-0.707566379,3.205251256,0
1.429670005,2.092823788,1
1.489303013,1.904178739,1
2.663561179,4.230028783,1
-2.334844449,-1.831999252,0
2.789500353,2.019924672,1
1.847987599,-0.141335017,0
2.171925675,2.792415647,1
2.767952799,0.987636491,0
2.240265039,3.378855895,1
1.234031713,0.828639683,0
0.319304164,-1.316883528,0
0.320597862,5.595850618,1
-1.102406048,1.17426659,0
1.165058706,1.519064507,1
-2.96990766,-2.379849353,0
-0.690476879,-1.706372811,0
3.486658098,2.692078852,1
-0.146931468,2.921572045,0
1.971908896,1.013021084,1
2.454343178,1.81154938,1
2.297460172,-1.256264708,0
1.060839535,3.521784918,1
2.306747373,2.228808594,1
1.713895199,2.57172645,1
2.115147536,0.964079168,1
-2.905376145,-1.009266531,0
-2.013267475,2.315884128,0
1.44444457,3.785087684,0
0.102975229,-2.160558432,0
1.368762524,3.700600455,1
2.163799301,0.870363945,1
1.400420953,-0.896047619,0
0.823561676,-0.684165353,0
-2.008040715,-1.987555004,0
-1.187355869,-1.624449533,0
0.216900408,-0.871765796,0
4.053270556,-0.208976094,1
3.060384324,-0.703251813,1
2.033011915,0.383296887,1
2.582346046,1.469305543,1
-0.870447042,-0.34753248,0
3.624477363,2.341504538,1
-0.902161613,-0.623943622,0
0.467942224,-1.289563231,0
-2.428144218,0.412142539,0
0.278984157,3.728306954,1
2.872592193,2.507539241,1
0.069911149,0.22658791,0
-0.547015181,0.798102321,0
1.462815798,4.431715601,1
0.00377811,0.985867428,0
-1.491919962,0.629635616,0
-3.181035677,-0.554726871,0
2.766652814,1.308705588,1
1.468634165,2.659984897,1
2.09528481,2.827395306,1
-2.067202407,0.611161853,0
-4.937785792,-4.979992882,0
-1.472278531,2.511720292,0
-1.077554394,-0.688190443,0
1.933053497,3.548353216,1
-0.38293248,-1.217330892,0
1.677283396,2.543408592,1
1.613201856,4.350611087,1
-0.684627125,1.958191198,0
-1.145190571,0.860249723,0
2.008709275,4.698488585,1
0.93570559,-0.602121601,0
-2.131958885,-0.717878157,0
0.243139621,0.049478356,0
2.618717645,4.416225798,1
1.642899942,1.794777628,1
2.33224306,3.339634413,1
1.702850216,1.875459176,0
1.21338459,1.591220153,0
0.339448995,5.264973085,1
1.095343636,4.609513975,1
2.302221618,2.891218124,1
2.545234799,0.809433691,0
1.15403164,4.238471321,1
-1.255843297,-0.698682558,0
2.778248191,3.9855622,1
2.501273172,2.938700674,1
3.547871785,1.485559559,1
1.074544098,2.632512028,1
1.495048329,3.911660171,1
1.690100882,2.068608618,1
1.818534533,2.949264729,1
2.754165808,2.915214763,1
1.736813735,1.090300709,0
0.53826716,5.767432506,1
1.096714183,2.130770484,1
0.831752615,1.280118269,0
2.240618888,2.010955548,1
0.621777533,0.980646908,0
0.564179352,5.580258411,1
-2.348373753,-0.210276281,0
-0.751464771,-1.163207097,0
1.495194406,3.221939339,1
0.000460931,1.402662275,1
2.797178658,2.789134939,0
1.837247305,4.172790516,1
1.46631319,-0.42825638,0
0.448135931,3.937828442,1
3.037366733,2.747601254,1
3.204096935,3.031670495,1
0.070886112,-2.820376063,0
-0.381607869,-2.996459119,0
2.30412243,2.972958306,1
1.269849375,1.602313605,1
-0.115382451,5.746665621,1
4.534974688,0.779222135,1
0.962492485,0.711765267,0
0.816889541,0.454845915,0
1.521604325,-0.022709359,0
0.596417795,2.783917881,1
0.618564597,2.76230711,1
1.952532392,3.898538042,1
3.039458133,5.112131044,1
2.675237338,3.080178441,1
0.636948411,4.46722288,1
2.795266427,3.233489356,1
0.395990365,1.345250169,0
-2.507278529,0.696539217,0
2.024739199,1.214849837,1
3.431540151,1.461918377,0
4.047506542,1.50019714,1
-0.324993285,-0.845061284,0
-1.939175534,0.946469446,0
0.555398983,0.340474399,0
0.690397584,-1.362418735,0
3.398552443,0.377779844,1
1.602464297,4.441501319,1
-0.734336535,-1.051787555,0
1.650872111,1.510736468,0
2.227346442,2.793510937,1
0.213401235,1.618078926,0
-1.158675986,-1.40816268,0
-0.381467905,-0.941547811,0
1.452587237,6.060777392,1
0.228589421,-0.542755209,0
0.684268752,6.666225112,1
-0.88233614,7.197710666,1
-2.375033281,0.10142249,0
3.467671126,0.711355535,1
-0.22002937,-0.738140726,0
-1.217150627,-1.371723145,0
1.654212933,3.550893241,1
1.784394016,-0.44792528,0
-0.060713561,-0.276838315,0
3.468534002,3.245933842,1
0.230293846,4.680913434,0
1.368892998,3.706474687,0
0.343778327,1.042111464,0
-0.516573583,-2.472799817,0
0.921934838,6.164289152,1
2.28328504,3.151442467,0
2.110154836,2.25296741,1
-0.016640055,-4.466762798,0
-0.489614749,0.595179416,0
0.967299435,0.514106374,0
-0.926430478,-1.386625907,0
1.075813344,3.437028119,1
2.335826336,3.797871955,1
2.166128676,3.515070254,1
1.884784512,1.834114772,1
1.555438191,3.177158119,1
-0.726163248,-0.173489902,0
-0.942097916,-1.015497892,0
1.905354016,3.897572504,1
0.543453412,4.227413247,1
0.576404916,7.367023209,1
2.548402938,4.135446127,1
2.180867294,2.870415707,0
3.581549828,0.867721737,1
1.991281907,4.690246465,1
-0.774158554,2.312443464,0
0.466201245,0.356268099,0
2.120609819,3.112177086,1
1.194021905,2.865568194,1
2.426696052,4.393917702,1
0.981658335,-0.223249125,0
0.030449739,2.401457885,0
1.429640239,2.254823745,1
2.04667345,3.420842873,0
1.730162488,0.489904904,1
-1.892927435,-1.266764352,0
-2.194667213,-1.40987361,0
2.637024085,4.196627696,1
1.19713272,1.112711616,0
1.100609147,2.205477835,0
0.757389564,-0.136515283,0
2.778410564,0.571826979,1
0.433373751,6.828933497,1
1.127718427,6.132194912,1
1.891140177,3.768544066,0
1.896103763,5.993085585,1
1.743267499,3.893126618,1
3.781015609,1.918830851,0
2.16284234,7.305809456,1
-0.819136311,0.822657892,0
-0.925294988,-1.113619673,0
0.932294894,1.872767502,0
3.787553175,2.23703059,1
2.626910735,5.441616446,1
1.618054746,3.554482923,1
-2.511146016,-2.024210767,0
0.27076109,-0.428142648,0
2.555280542,3.604472011,1
-0.99967296,0.816697737,0
3.60455321,0.773281502,1
1.329942916,2.593402185,0
3.917179643,2.279467628,1
0.556175088,2.720213145,0
1.106677307,3.117581185,1
1.387261686,3.658901671,1
1.425485939,2.394652573,1
-2.931702096,1.50626959,0
0.954999982,5.570206122,1
2.529067548,3.10312641,1
-0.333601944,-0.204758876,0
2.168353798,1.672940473,1
1.708072201,2.321585253,0
2.250205872,4.484584511,1
1.341383237,4.086555786,1
1.356852393,2.36363109,0
-0.737554992,-0.378075356,0
1.107377344,1.965005255,1
1.275359402,-0.461027264,0
1.461846028,1.456642483,1
1.198460856,3.14180715,1
3.206420316,1.443032366,1
0.785285274,1.471996372,0
3.123267193,1.25671072,1
-0.557723751,1.749462672,0
-0.324996385,-0.12752199,0
2.191457003,2.299317166,1
-0.338664932,1.56118036,0
3.441855299,1.600469182,1
1.475000806,3.297467708,1
2.151544481,1.728320839,1
0.134753071,-0.031817763,0
0.499626632,0.416453003,0
3.078045875,-0.160391835,1
1.109856258,3.147993402,1
2.074893933,-0.298073799,1
3.584995584,1.594063472,0
-1.401936612,-0.449121901,0
2.250426005,0.798401953,1
0.62879583,5.958598056,1
1.652690737,3.131178493,1
-0.354814579,0.080708372,0
2.940411654,4.121327461,1
0.292839314,1.069220686,0
3.411209361,2.84135192,1
2.215624989,3.043156665,0
-1.184652753,-0.797434204,0
2.306393651,4.283654746,1
1.312450245,4.482817949,1
2.079628061,0.660782922,0
1.484309103,2.309971271,0
-0.2081892,6.475564063,1
-1.505582792,1.204435118,0
2.101227495,3.763212871,1
2.054932681,5.893233839,1
1.504097742,0.702640645,1
3.377934277,3.049807041,1
1.283059701,-1.283422865,0
-1.461648566,0.371730328,0
1.064889962,-1.590940374,0
2.641087175,2.124069746,1
-0.74246098,-0.497344192,0
-0.132628545,0.993562561,0
1.588974494,7.119795197,1
0.507198378,1.993530019,0
-1.209268814,0.837614581,0
-0.806568414,-1.806582833,0
2.647168715,2.669460226,1
2.367170421,3.886125394,1
0.72044045,3.158419624,0
2.984227099,2.539496111,1
0.478823293,0.741373364,0
0.493781627,-1.191252023,0
0.954929802,1.115968881,0
2.393525547,1.775853773,0
3.089264225,1.617741284,0
1.931675275,3.924238821,1
-0.145764222,1.153137753,0
-0.138236131,-0.129548875,0
2.524130565,1.431018571,0
0.14301886,-1.622012733,0
2.854295321,0.363314607,0
3.058073,-1.851554551,0
4.310131405,1.636483375,1
0.333085096,-0.013451324,0
-1.679532158,0.497880098,0
0.279084046,1.216039299,0
-0.500992218,-1.467321946,0
1.195215172,1.327813689,0
2.577628134,2.582980688,1
-0.100041846,3.810556007,1
0.841017156,5.043160035,1
1.406529471,4.28571397,1
1.267070383,-2.764414422,0
3.914717136,2.259689928,1
1.53753405,2.895218547,1
1.171133659,-0.067499841,0
-1.258853352,-1.210039636,0
2.000455794,-0.424902539,0
3.964532512,0.641532221,1
0.173103829,3.331819555,1
1.357252162,3.041779486,0
1.310319279,1.906634295,1
2.450493739,1.154408001,1
3.414535858,0.483719393,1
1.169914927,3.705842678,1
0.637094356,-1.210067651,0
-0.669734856,0.942235818,0
-1.196379927,-0.020072853,0
-0.457979219,2.402062121,0
1.886345475,4.437044974,1
0.615689135,2.007204447,0
-1.306997303,-0.964657828,0
0.147053215,4.637743679,1
-1.50162734,-0.824280879,0
2.648305144,1.516362806,1
1.314448052,2.720103449,0
0.52015759,3.707291709,1
1.87822977,2.858077577,1
1.575804301,1.66919232,1
1.785373276,2.126776293,1
2.924814807,5.52189605,1
0.831576248,-3.067307125,0
2.513535044,1.946463704,0
1.23801364,4.142366132,1
-1.40307326,1.652528805,0
-2.622919793,-4.081910473,0
1.42531523,4.900356344,1
0.775558872,2.007966701,0
1.890367639,1.740945546,1
0.596254417,-1.417345079,0
3.398557481,-0.373870569,1
-0.659216129,-1.527057778,0
3.17963417,3.005634123,1
-0.46964177,0.707767347,0
2.910748614,-1.359898715,1
0.679502997,1.630473985,0
-1.311089096,0.433073144,0
0.182764486,5.893909068,1
1.779429621,1.40514818,0
-1.226396347,-0.630081465,0
-0.046849979,0.125614334,0
0.900888101,2.206570947,0
-0.63159905,-0.174212114,0
3.267902081,0.993838658,1
2.68398399,2.482404392,1
-1.160225798,-0.740563737,0
0.965306417,-1.601254619,0
2.776106869,3.313589371,0
2.616421091,2.47453872,1
2.949379523,3.434518098,1
-1.139825153,-1.371906184,0
0.916032407,1.054730194,0
2.248917198,0.735685542,1
1.007877383,6.080900123,1
1.478469863,3.40819034,1
0.225093217,5.943279115,1
-0.127000252,1.397368693,0
2.373921685,0.747289527,1
1.821496105,3.318909515,1
1.214208535,0.612815837,0
-1.032588917,-2.556036925,0
2.349156337,1.323380206,1
1.030698433,2.436105194,1
2.761073027,5.256817279,0
-0.211371927,1.08999528,0
1.096468346,5.55714788,1
2.225782139,1.384777275,1
1.121645219,5.253098222,1
0.757908819,-1.765959389,0
-0.103176592,4.084424656,1
-0.281887862,0.175182715,0
-0.152619829,-1.022952421,0
1.645916217,-0.890963728,0
0.689010416,-0.521541321,0
0.341808646,0.732913772,0
0.922385559,0.148864021,0
1.144917821,5.085349991,1
-1.817115516,-4.02931088,0
1.394338914,4.713188776,1
2.858378863,-1.015166868,1
-0.185047231,-1.749257053,0
2.818865088,0.539474075,1
0.078518316,1.579056881,0
-2.867284587,-0.759646221,0
3.784829839,1.736290574,1
-0.655361618,0.431423137,0
-1.064863106,1.369049469,0
-0.363074585,0.526308536,0
-1.460831907,-0.064749473,0
1.446854944,0.391543496,0
4.360329965,0.686271485,1
3.717503793,1.683272351,1
2.549349148,1.418889306,1
2.669897455,0.000993726,1
2.694137266,1.750894129,1
1.857069377,2.16428304,1
-0.576811113,0.663734649,0
-0.03972682,-2.088058944,0
2.988259383,1.096727452,0
-0.845500101,0.765613714,0
-0.654025619,-0.81564585,0
0.842557999,3.169272408,1
4.184439682,1.323480879,1
-0.197750236,-0.368931742,0
-1.037457478,-3.595800891,0
-1.074331538,0.783870968,0
-0.016545474,-0.050565116,0
1.536589355,4.108271347,1
0.942160523,3.762848432,1
0.642538285,-0.527824048,0
0.481196114,1.187106974,0
3.689145469,-0.753393076,1
1.793084319,-0.124292673,0
1.67666567,4.424482263,1
2.256435883,6.083656033,1
0.427405911,0.350586323,0
2.884584173,0.008458616,1
2.318918252,3.52065883,1
-0.932684525,0.139551979,0
1.595627493,2.270793022,0
-2.43402396,-0.049217398,0
2.055520834,4.451645602,1
0.351236915,4.558097751,1
0.916841927,-0.534782445,0
2.062502238,3.739485477,0
2.43966311,3.299004262,1
3.524497506,3.419545839,1
1.783017913,-1.791991527,0
1.337246685,1.336064545,0
1.365800283,0.685581958,0
1.21393103,-2.818801614,0
0.015065845,-0.288948496,0
1.646874665,5.680145112,1
0.335997602,-2.028524868,0
1.780243479,3.759086679,1
0.119553311,-0.760268177,0
2.691639188,1.731816029,0
0.105916016,-3.279864042,0
0.228304808,-3.236160585,0
2.539228241,-0.851461367,1
-0.507690825,-2.574097158,0
1.228521095,2.991930655,1
-0.0671385,1.323452127,0
2.959439528,3.869787763,1
0.878242614,2.419400859,0
-2.97434086,-2.102772217,0
1.410511302,3.102090537,1
-0.284600611,1.615040214,0
2.353289379,2.879275054,1
-1.571985706,-1.543309897,0
0.352022078,-1.949542558,0
1.613167358,5.073524231,1
0.288559417,4.521695947,1
-0.617184319,-0.405876643,0
2.711050405,3.746629282,1
-1.308792287,-1.794635484,0
1.005577126,1.856714229,0
1.850537477,4.281289878,1
-2.447556089,-1.339965899,0
-1.515684243,-3.052131109,0
1.300208234,-0.877773386,0
-1.242208856,1.245006186,0
2.049434648,3.146641612,1
0.407555953,-0.298069231,0
1.313831432,5.255161859,1
0.354155852,-1.882683495,0
0.339786077,0.7576554,0
-1.152118549,-0.323861504,0
-0.987170945,0.032481502,0
-0.49651545,1.370063249,0
1.039672908,3.731507913,1
3.02137655,5.158768441,1
0.079865331,-0.039463757,0
-2.331703116,-0.919774867,0
1.15938399,1.849142306,0
1.273857244,-0.524921247,0
-0.695535113,0.061804808,0
-2.56995911,0.197241174,0
-2.922681376,-0.378086361,0
0.647940808,-1.87158182,0
2.41032781,2.067407191,0
1.845597076,-0.917899722,0
1.247028077,5.449850081,1
1.261172168,1.042213932,1
1.987862645,2.222380559,1
1.004520046,1.88790148,0
2.109273697,2.696610286,0
2.919545458,1.283189181,1
1.927508358,1.894077689,1
-0.820393862,1.747321132,0
3.587492155,3.263395663,1
0.496705708,-0.880463267,0
-1.792537699,1.878452189,0
-0.260707771,-1.839214702,0
-1.984964991,-2.370572796,0
2.164084366,1.291412959,1
2.564557774,5.123089813,1
-0.856534122,0.836311136,0
-2.059867939,-0.965940358,0
3.075936737,1.377993461,1
1.809796803,4.149796186,1
2.411264068,3.77210256,1
2.329654062,2.855945854,1
1.66791312,4.181485049,1
0.336470324,0.064841972,0
1.884745854,2.441436587,0
2.535555297,2.070979403,1
-0.251078302,3.498798281,1
1.396369006,-0.340253418,0
3.963003992,3.300441021,1
0.958941867,6.988455888,1
3.790559903,-1.089574403,1
-1.716211562,-0.641294804,0
2.269180911,0.163944915,0
0.359626464,-1.192651264,0
-2.433883947,-1.884405924,0
1.472122099,4.423947952,1
-0.249331898,5.805836526,1
1.35170309,3.378743263,1
2.402259582,0.197428504,1
2.629419417,1.637225085,0
2.397740426,2.234293112,1
2.516495647,2.005317408,0
-0.448330408,-1.844186113,0
1.54263505,1.711760107,1
3.321834502,1.551208394,1
3.531878095,4.450726042,1
1.488900312,3.204026888,1
-0.894863341,-2.699737081,0
0.413818886,1.856525198,0
-1.571790007,-4.091268599,0
-1.150200379,-0.969394933,0
2.182625114,4.072436611,1
-1.827537866,-3.015179305,0
2.468184324,2.358095179,1
0.645211054,2.505838979,1
2.521380667,2.005143302,1
0.662112621,0.055883101,0
1.985971177,0.976323284,1
2.576697189,2.857052676,0
0.662934562,-1.022957122,0
-0.715795387,-0.171536214,0
4.53674003,2.398514552,1
-1.158633377,-0.674260383,0
1.220158999,0.792152077,0
2.99981343,1.214680968,0
-1.154460344,-3.436085214,0
0.00920551,-0.856459058,0
0.330010526,1.170249242,0
1.647684877,1.100803324,1
0.214316261,-1.076917182,0
1.992433925,3.160215667,1
0.628028643,-0.599887022,0
-0.620131436,-1.551735077,0
1.532982805,0.442112092,0
3.057059629,3.956353509,1
0.316931294,1.737364995,0
4.97002895,0.580597541,1
1.909567688,3.006834544,1
1.761102108,3.588673249,1
-2.162686573,-0.997361434,0
-0.931424758,0.110311006,0
-0.160553468,-0.545050053,0
-0.540152158,-0.013872307,0
1.856691744,3.739476845,1
1.073545694,2.103477013,0
1.625464965,3.098688423,1
1.47001579,3.764760652,0
0.674361705,5.271649918,1
-0.162463906,-1.174300595,0
1.811196776,6.258617825,1
2.381931393,-0.726372412,0
1.42078316,4.66060014,1
-0.132740693,3.200589274,1
1.163377589,3.576504577,1
0.492123891,-0.295981421,0
3.130553998,2.096731052,1
-1.31090743,-0.777992242,0
1.250990935,-1.725144693,0
2.029631957,3.45108201,1
0.942097229,3.886572962,1
2.072814482,0.792531943,1
3.207789436,3.459634253,1
-0.830960489,-0.714412429,0
-2.44521968,-1.093438605,0
-0.929558172,-1.079387893,0
1.463779598,2.899460117,1
-1.266108957,0.698412472,0
-0.067129334,0.852156768,0
-3.958358229,-0.521131968,0
2.301434581,2.723596733,1
0.886585664,3.47247692,0
1.160412613,2.670175705,1
3.399293999,0.921077351,1
3.903276323,1.852411774,1
1.551779298,3.33258745,1
1.871136598,1.889709505,0
-0.129910607,-2.123432686,0
-0.771181438,5.215120899,1
-0.812485577,-1.50233416,0
1.89692913,4.273653457,1
0.059410803,1.105451931,0
2.846500665,2.822341263,1
-0.102518664,-1.249200531,0
1.183673262,0.875407482,1
0.732484437,6.709922044,1
-1.263349069,-1.24620628,0
2.966285539,2.702493563,1
1.617158031,2.709370768,0
-0.087217666,-0.475837764,0
0.430094065,0.437625256,0
1.499675015,6.85820584,1
3.235297089,1.986971237,1
0.839974463,6.076065501,1
3.709525371,2.189936054,1
0.232050335,-1.507405286,0
0.469862642,0.858059115,0
2.756157408,2.729824776,1
-0.764052029,-2.745908929,0
3.323093377,2.868565674,1
-0.367316937,-1.270897203,0
1.969876471,0.09683723,1
1.921050033,0.529967213,1
-1.536355815,-1.208454616,0
0.748214502,0.915875753,0
2.056473317,2.87768005,1
0.708907318,0.704104124,0
-0.042601104,-3.034136867,0
3.351096524,2.782230648,1
2.674523169,-1.980565212,1
-1.160137504,0.079656942,0
2.241695211,3.352690315,1
0.966458387,4.898071629,1
4.314402899,3.453246406,1
-0.25244263,0.055033327,0
0.590154697,0.42422512,0
1.75354489,1.663676728,1
-3.183505465,-2.931881268,0
2.140359128,3.880705047,1
-1.524614374,1.606821076,0
-1.705195415,1.416302415,0
4.768123033,1.079245702,1
2.818722014,0.756535119,1
2.358901146,1.379449915,1
-1.262359066,-2.431404879,0
0.143157296,0.940452464,0
1.65859765,4.294068914,0
-0.731656066,-1.619491068,0
1.139344538,2.947052513,1
1.949388523,-0.719027989,1
1.100838776,-1.307805029,0
-0.202610908,-1.045152272,0
-0.895467848,4.413118266,0
3.023080942,1.859077896,1
2.527981944,1.950565127,0
1.116522107,0.19959879,0
1.42511254,-0.6085086,0
0.773036156,4.557963601,1
1.938327797,2.629385592,1
0.687707396,-2.447476738,0
-0.071575438,-3.905209532,0
0.389275576,-0.712532222,0
2.531847761,-0.500233308,1
-0.916830283,-0.602399036,0
2.297492378,-0.344392099,1
1.95210967,5.117066747,1
2.100021438,1.598783775,1
1.802736211,3.962158072,1
0.174751992,-0.050059261,0
-0.42333116,0.426846884,0
1.815651767,1.487155185,1
1.08367273,3.188788697,1
-2.409161622,1.18693395,0
1.995751418,1.996561156,0
1.892081484,2.166580149,1
1.072263902,6.90507406,1
0.118196699,-1.570925615,0
2.595832107,1.448063759,1
0.23677053,5.262017175,1
1.180692353,2.850162849,1
3.14350341,3.932000122,1
1.345717639,2.890943517,1
2.113387383,1.168055333,1
0.620338327,-1.193855741,0
1.186537636,3.355044927,1
1.158761131,0.26698857,1
-1.329551559,-2.276459458,0
0.710548034,-2.736681252,0
-1.729926922,-2.030523859,0
0.531438389,-3.46901274,0
2.207068665,3.730935432,1
2.05012405,0.185196545,1
2.794142715,2.752256496,1
-0.008898409,3.510519094,0
1.665669862,1.903905362,0
1.3021973,2.823982848,1
2.596335626,4.358634533,1
1.896617797,2.264156429,0
0.155782463,-0.600279837,0
1.511759116,2.068119147,1
-0.759693184,0.651412899,0
2.793234678,2.453603933,1
2.306391426,5.250173925,1
-1.640523847,1.390578479,0
2.022687575,2.617734187,1
-1.173917569,-0.543962938,0
-0.124634885,0.923413593,0
1.585092721,3.268950556,1
1.553392029,3.494852227,1
-1.386696209,-3.3037033,0
2.881669872,0.69957485,1
2.617999123,0.155022817,0
-4.617999123,8.155022817,0
-4.386696209,7.3037033,0
-4.409161622,6.18693395,0
-4.995751418,7.996561156,0
-5.174751992,8.050059261,0
5.241695211,8.352690315,1
5.966458387,7.898071629,1
6.314402899,-4.453246406,1
5.207068665,7.730935432,1
-2.05012405,1.185196545,1
